<?xml version="1.0" encoding="UTF-8"?>
<project-private xmlns="http://www.netbeans.org/ns/project-private/1">
    <editor-bookmarks xmlns="http://www.netbeans.org/ns/editor-bookmarks/2" lastBookmarkId="0"/>
    <open-files xmlns="http://www.netbeans.org/ns/projectui-open-files/2">
        <group>
            <file>file:/C:/Users/vincent/Desktop/Web%20Service/rename%20this%20folder%20with%20your%20LAST%20NAME,%20FIRST%20NAME/src/webservice/sample/integ/MathProduct.java</file>
            <file>file:/C:/Users/vincent/Desktop/Web%20Service/rename%20this%20folder%20with%20your%20LAST%20NAME,%20FIRST%20NAME/src/webservice/sample/integ/WebClient.java</file>
            <file>file:/C:/Users/vincent/Desktop/Web%20Service/rename%20this%20folder%20with%20your%20LAST%20NAME,%20FIRST%20NAME/src/webservice/sample/integ/MathPublisher.java</file>
            <file>file:/C:/Users/vincent/Desktop/Web%20Service/rename%20this%20folder%20with%20your%20LAST%20NAME,%20FIRST%20NAME/src/webservice/sample/integ/MathFunctions.java</file>
        </group>
    </open-files>
</project-private>
